/* 	DO NOT EDIT THIS FILE

 	This file contains the table creation statements for your schema
	in addition to statements to populate the tables with data.
*/

--
-- Table structure for table `employee`
--

DROP TABLE IF EXISTS `employee`;
CREATE TABLE `employee` (
  `first_name` varchar(20) NOT NULL,
  `last_name` varchar(20) NOT NULL,
  `emp_no` int NOT NULL,
  `birth_date` date NOT NULL,
  `gender` enum('Male','Female') NOT NULL,
  `telephone` varchar(15) NOT NULL,
  `email` varchar(40) NOT NULL,
  `address` varchar(50) NOT NULL,
  `salary` int NOT NULL,
  `hire_date` date NOT NULL,
  PRIMARY KEY (`emp_no`)
) ENGINE=InnoDB DEFAULT CHARSET=latin1;

--
-- Dumping data for table `employee`
--

LOCK TABLES `employee` WRITE;
INSERT INTO `employee` VALUES ('Albert','Abraham',101,'1983-01-01','Male','+353813594677','Albert.Abraham@example.com','10 Clanbrassil st, SCR, D6, Dublin',27000,'2015-02-01'),
('Bruce','Banner',102,'1983-01-02','Male','+353810594370','Bruce.Banner@example.com','11 Clanbrassil st, SCR, D6, Dublin',31200,'2015-02-02'),
('Cat','Cannon',103,'1983-01-03','Female','+353821594607','Cat.Cannon@example.com','31 Clanbrassil st, SCR, D6, Dublin',25600,'2015-02-03'),
('Derek','Dunne',104,'1983-01-04','Male','+353833794600','Derek.Dunne@example.com','24 Clanbrassil st, SCR, D6, Dublin',28700,'2015-02-04'),
('Elenor','Edwards',105,'1984-01-05','Female','+353823594611','Elenor.Edwards@example.com','96 Clanbrassil st, SCR, D6, Dublin',29000,'2015-02-05'),
('Fred','Flints',106,'1984-01-06','Male','+353833594633','Fred.Flints@example.com','75 Clanbrassil st, SCR, D6, Dublin',31000,'2015-02-06'),
('Gerald','Goodman',107,'1984-01-07','Male','+353853594612','Gerald.Goodman@example.com','483 Clanbrassil st, SCR, D6, Dublin',43070,'2015-02-07'),
('Hugh','Harvey',108,'1981-01-08','Male','+353873594689','Hugh.Harvey@example.com','99 Clanbrassil st, SCR, D6, Dublin',23000,'2015-02-08'),
('Ina','Inks',109,'1982-01-09','Female','+353883594687','Ina.Inks@example.com','29 Clanbrassil st, SCR, D6, Dublin',35000,'2015-02-09'),
('Jack','Jackson',110,'1987-01-10','Male','+353893594656','Jack.Jackson@example.com','33 Clanbrassil st, SCR, D6, Dublin',37000,'2015-02-10');
UNLOCK TABLES;

--
-- Table structure for table `department`
--

DROP TABLE IF EXISTS `department`;
CREATE TABLE `department` (
  `dept_no` char(4) NOT NULL,
  `dept_name` varchar(40) NOT NULL,
  PRIMARY KEY (`dept_no`),
  UNIQUE KEY `dept_name` (`dept_name`)
) ENGINE=InnoDB DEFAULT CHARSET=latin1;

--
-- Dumping data for table `department`
--

LOCK TABLES `department` WRITE;
INSERT INTO `department` VALUES ('D005','Cumstomer Service'),
('D001','Finance'),
('D004','Human Resource'),
('D003','Marketing'),
('D002','Sales');
UNLOCK TABLES;

--
-- Table structure for table `dept_emp`
--

DROP TABLE IF EXISTS `dept_emp`;
CREATE TABLE `dept_emp` (
  `emp_no` int NOT NULL,
  `dept_no` char(4) NOT NULL,
  PRIMARY KEY (`emp_no`,`dept_no`),
  FOREIGN KEY (`emp_no`) REFERENCES `employee` (`emp_no`) ON DELETE CASCADE,
  FOREIGN KEY (`dept_no`) REFERENCES `department` (`dept_no`) ON DELETE CASCADE
) ENGINE=InnoDB DEFAULT CHARSET=latin1;

--
-- Dumping data for table `dept_emp`
--

LOCK TABLES `dept_emp` WRITE;
INSERT INTO `dept_emp` VALUES (101,'D001'),
(102,'D002'),
(102,'D005'),
(103,'D003'),
(104,'D004'),
(105,'D005'),
(105,'D002'),
(106,'D001'),
(107,'D002'),
(108,'D003'),
(109,'D004'),
(110,'D005'),
(110,'D002');
UNLOCK TABLES;
